S/N,Attribute, Value 
1, a,  HomeAboutServicesContact Us About UsInstagram PostsSupport CenterContact Us HomeAboutServicesContact Us About UsInstagram PostsSupport CenterContact Us About UsInstagram PostsSupport CenterContact Us About UsInstagram Posts Support CenterContact Us  
2,  p,  Established in 2021, Adept Global is a company designed to help CREATIVES have a legal and professional approach to their Craft, operating in the Entertainment, Arts, Film, and Sports sectors. We believe that the creative is a professional and should be seen and treated as such.
To see the majority of African Creatives making a living from their Craft. Send Us a message and we will be in touch.Subscribe to our newsletter and get a
special 30% discount.
Established in 2021, Adept Global is a company to help CREATIVES have a legal and professional approach to their craft, operating in the Entertainment, Arts, Film, and sports sectors. We believe that the creative is a professional and should be seen and treated as such.
© Adept Global Entertainment. All rigths reserved. Established in 2021, Adept Global is a company designed to help CREATIVES have a legal and professional approach to their Craft, operating in the Entertainment, Arts, Film, and Sports sectors. We believe that the creative is a professional and should be seen and treated as such. Established in 2021, Adept Global is a company designed to help CREATIVES have a legal and professional approach to their Craft, operating in the Entertainment, Arts, Film, and Sports sectors. We believe that the creative is a professional and should be seen and treated as such. To see the majority of African Creatives making a living from their Craft. To see the majority of African Creatives making a living from their Craft. Send Us a message and we will be in touch. Send Us a message and we will be in touch. Subscribe to our newsletter and get a
special 30% discount. Subscribe to our newsletter and get a
special 30% discount. Established in 2021, Adept Global is a company to help CREATIVES have a legal and professional approach to their craft, operating in the Entertainment, Arts, Film, and sports sectors. We believe that the creative is a professional and should be seen and treated as such.
© Adept Global Entertainment. All rigths reserved. Established in 2021, Adept Global is a company to help CREATIVES have a legal and professional approach to their craft, operating in the Entertainment, Arts, Film, and sports sectors. We believe that the creative is a professional and should be seen and treated as such. Established in 2021, Adept Global is a company to help CREATIVES have a legal and professional approach to their craft, operating in the Entertainment, Arts, Film, and sports sectors. We believe that the creative is a professional and should be seen and treated as such. © Adept Global Entertainment. All rigths reserved.  
3,  span,  Dark mode Dark mode Dark mode  
